,name_method,num_global_heads,d_model,num_local_heads,d_head,sequence_len,flops,params,non_embed_params,test_flops,train_flops
0,softmax,0,256,8,32,128,3.957419904,89833434,21024768,3.957419904,11.863951277863546
1,softmax,0,256,8,32,256,7.978391808,89833434,21024768,7.978391808,23.88742780790486
2,softmax,0,256,8,32,512,16.580983296,89833434,21024768,16.580983296,49.91686387751777
3,softmax,0,256,8,32,1024,37.112946432,89833434,21024768,37.112946432,111.51873736018767
4,softmax,0,256,8,32,2048,92.102153984,89833434,21024768,92.102153984,276.04021936626623
5,softmax,0,256,8,32,4096,252.815787008,89833434,21024768,252.815787008,759.4769714121467
6,softmax,0,256,8,32,8192,777.764311296,89833434,21024768,777.764311296,2335.9538101156845
7,softmax,0,512,8,64,128,8.988613632,187754970,50405376,8.988613632,26.961501753402196
8,softmax,0,512,8,64,256,18.104427264,187754970,50405376,18.104427264,54.28018081530872
9,softmax,0,512,8,64,512,37.456933888,187754970,50405376,37.456933888,111.98040633918862
10,softmax,0,512,8,64,1024,82.819027456,187754970,50405376,82.819027456,248.23219036432457
11,softmax,0,512,8,64,2048,201.400177152,187754970,50405376,201.400177152,602.1880573517815
12,softmax,0,512,8,64,4096,539.991312384,187754970,50405376,539.991312384,1617.8427502474701
13,softmax,0,512,8,64,8192,1624.248099328,187754970,50405376,1624.248099328,4860.155974054897
14,softmax,0,1024,8,128,128,22.27203456,408763866,134332416,22.27203456,66.69283858716118
15,softmax,0,1024,8,128,256,44.79846912,408763866,134332416,44.79846912,134.22941298702372
16,softmax,0,1024,8,128,512,92.09533696,408763866,134332416,92.09533696,277.2501317240137
17,softmax,0,1024,8,128,1024,199.98179328,408763866,134332416,199.98179328,600.6159155912453
18,softmax,0,1024,8,128,2048,471.51983104,408763866,134332416,471.51983104,1411.9132585054672
19,softmax,0,1024,8,128,4096,1217.42157824,408763866,134332416,1217.42157824,3657.777404129697
20,softmax,0,1024,8,128,8192,3522.7341056,408763866,134332416,3522.7341056,10546.16837082569
21,softmax,0,2048,8,256,128,61.724098304,951444954,402849792,61.724098304,184.7390999215557
22,softmax,0,2048,8,256,256,123.956676608,951444954,402849792,123.956676608,370.77265615811433
23,softmax,0,2048,8,256,512,252.913350656,951444954,402849792,252.913350656,759.2112881044366
24,softmax,0,2048,8,256,1024,537.418540032,951444954,402849792,537.418540032,1608.8612523907552
25,softmax,0,2048,8,256,2048,1217.917569024,951444954,402849792,1217.917569024,3663.919477848616
26,softmax,0,2048,8,256,4096,2984.598970368,951444954,402849792,2984.598970368,8971.74543812399
27,softmax,0,2048,8,256,8192,8146.579838976,951444954,402849792,8146.579838976,24504.038852269012
28,softmax,0,4096,8,512,128,192.167353344,2439460314,1342537728,192.167353344,574.5567429520945
29,softmax,0,4096,8,512,256,385.353906688,2439460314,1342537728,385.353906688,1155.9910265761268
30,softmax,0,4096,8,512,512,780.688608256,2439460314,1342537728,780.688608256,2338.836682123311
31,softmax,0,4096,8,512,1024,1624.592893952,2439460314,1342537728,1624.592893952,4866.804446142547
32,softmax,0,4096,8,512,2048,3535.346765824,2439460314,1342537728,3535.346765824,10639.899405953987
33,softmax,0,4096,8,512,4096,8167.581196288,2439460314,1342537728,8167.581196288,24538.25573063577
34,softmax,0,4096,8,512,8192,20691.206189056,2439460314,1342537728,20691.206189056,62014.545709368795
35,hard_fish,4,256,8,32,128,3.798030784,88785370,19976704,3.798030784,11.414333204204626
36,hard_fish,4,256,8,32,256,7.609350784,88785370,19976704,7.609350784,22.891168935062005
37,hard_fish,4,256,8,32,512,15.641610112,88785370,19976704,15.641610112,46.78021683357798
38,hard_fish,4,256,8,32,1024,34.42807552,88785370,19976704,34.42807552,103.3137457136214
39,hard_fish,4,256,8,32,2048,83.518153984,88785370,19976704,83.518153984,250.53367367558164
40,hard_fish,4,256,8,32,4096,222.750754304,88785370,19976704,222.750754304,668.3522407170974
41,hard_fish,4,256,8,32,8192,666.094115072,88785370,19976704,666.094115072,1997.1722000278678
42,hard_fish,4,512,8,64,128,8.393003328,183561178,46211584,8.393003328,25.21948050426907
43,hard_fish,4,512,8,64,256,16.795759872,183561178,46211584,16.795759872,50.33715945647832
44,hard_fish,4,512,8,64,512,34.370067968,183561178,46211584,34.370067968,102.80494134714407
45,hard_fish,4,512,8,64,1024,74.764131072,183561178,46211584,74.764131072,224.62854952875202
46,hard_fish,4,512,8,64,2048,177.773726208,183561178,46211584,177.773726208,533.7575642908282
47,hard_fish,4,512,8,64,4096,462.681377792,183561178,46211584,462.681377792,1386.9037309107032
48,hard_fish,4,512,8,64,8192,1349.368099328,183561178,46211584,1349.368099328,4049.131505411286
49,hard_fish,4,1024,8,128,128,19.99877952,391987162,117555712,19.99877952,60.16549508407818
50,hard_fish,4,1024,8,128,256,40.000336256,391987162,117555712,40.000336256,120.03172614850253
51,hard_fish,4,1024,8,128,512,81.491620096,391987162,117555712,81.491620096,244.13992288492207
52,hard_fish,4,1024,8,128,1024,174.754795008,391987162,117555712,174.754795008,524.0987466559047
53,hard_fish,4,1024,8,128,2048,404.94757632,391987162,117555712,404.94757632,1211.3997666662833
54,hard_fish,4,1024,8,128,4096,1019.852036096,391987162,117555712,1019.852036096,3049.6793791264636
55,hard_fish,4,1024,8,128,8192,2870.214890496,391987162,117555712,2870.214890496,8591.835096736006
56,hard_fish,4,2048,8,256,128,52.87407232,884336602,335741440,52.87407232,158.60735942700492
57,hard_fish,4,2048,8,256,256,105.736761856,884336602,335741440,105.736761856,316.2667343094862
58,hard_fish,4,2048,8,256,512,214.391030016,884336602,335741440,214.391030016,642.8155324495583
59,hard_fish,4,2048,8,256,1024,452.051934208,884336602,335741440,452.051934208,1353.9999171739412
60,hard_fish,4,2048,8,256,2048,1013.9060992,884336602,335741440,1013.9060992,3044.6743766057634
61,hard_fish,4,2048,8,256,4096,2443.430998016,884336602,335741440,2443.430998016,7334.831794111665
62,hard_fish,4,2048,8,256,8192,6531.183763456,884336602,335741440,6531.183763456,19588.8684497342
63,hard_fish,4,4096,8,512,128,157.279283584,2171025370,1074102784,157.279283584,470.47333217061583
64,hard_fish,4,4096,8,512,256,314.519984384,2171025370,1074102784,314.519984384,944.5784723502364
65,hard_fish,4,4096,8,512,512,634.799872512,2171025370,1074102784,634.799872512,1908.757397726174
66,hard_fish,4,4096,8,512,1024,1315.89185792,2171025370,1074102784,1315.89185792,3957.995076189814
67,hard_fish,4,4096,8,512,2048,2850.298435584,2171025370,1074102784,2850.298435584,8526.56664838831
68,hard_fish,4,4096,8,512,4096,6527.219503104,2171025370,1074102784,6527.219503104,19527.154565590514
69,hard_fish,4,4096,8,512,8192,16327.342671872,2171025370,1074102784,16327.342671872,49092.25860720145
70,hard_gfish,4,256,8,32,128,3.814808,88786650,19977984,3.814808,11.428730398782127
71,hard_gfish,4,256,8,32,256,7.676459648,88786650,19977984,7.676459648,23.056932789705066
72,hard_gfish,4,256,8,32,512,15.910045568,88786650,19977984,15.910045568,47.837574795001515
73,hard_gfish,4,256,8,32,1024,35.501817344,88786650,19977984,35.501817344,106.29297373090368
74,hard_gfish,4,256,8,32,2048,87.81312128,88786650,19977984,87.81312128,264.31319848000624
75,hard_gfish,4,256,8,32,4096,239.930623488,88786650,19977984,239.930623488,721.0069941867446
76,hard_gfish,4,256,8,32,8192,734.813591808,88786650,19977984,734.813591808,2209.7292613233853
77,hard_gfish,4,512,8,64,128,8.409780544,183562458,46212864,8.409780544,25.220961351961353
78,hard_gfish,4,512,8,64,256,16.862868736,183562458,46212864,16.862868736,50.43439914072434
79,hard_gfish,4,512,8,64,512,34.638503424,183562458,46212864,34.638503424,103.70297730532052
80,hard_gfish,4,512,8,64,1024,75.837872896,183562458,46212864,75.837872896,227.80696326006554
81,hard_gfish,4,512,8,64,2048,182.068693504,183562458,46212864,182.068693504,546.3094174205881
82,hard_gfish,4,512,8,64,4096,479.861246976,183562458,46212864,479.861246976,1435.6775542806804
83,hard_gfish,4,512,8,64,8192,1418.087576064,183562458,46212864,1418.087576064,4258.974359897409
84,hard_gfish,4,1024,8,128,128,20.015556736,391988442,117556992,20.015556736,60.025026286032144
85,hard_gfish,4,1024,8,128,256,40.06744512,391988442,117556992,40.06744512,119.79559496920348
86,hard_gfish,4,1024,8,128,512,81.760055552,391988442,117556992,81.760055552,244.55766295164713
87,hard_gfish,4,1024,8,128,1024,175.828536832,391988442,117556992,175.828536832,526.3996397706894
88,hard_gfish,4,1024,8,128,2048,409.242543616,391988442,117556992,409.242543616,1226.2351604467253
89,hard_gfish,4,1024,8,128,4096,1037.03190528,391988442,117556992,1037.03190528,3119.9981510955977
90,hard_gfish,4,1024,8,128,8192,2938.934367232,391988442,117556992,2938.934367232,8831.763657800828
91,hard_gfish,4,2048,8,256,128,52.890849536,884337882,335742720,52.890849536,158.40658062419226
92,hard_gfish,4,2048,8,256,256,105.80387072,884337882,335742720,105.80387072,317.3319849499515
93,hard_gfish,4,2048,8,256,512,214.659465472,884337882,335742720,214.659465472,642.8768018139345
94,hard_gfish,4,2048,8,256,1024,453.125676032,884337882,335742720,453.125676032,1363.224225814074
95,hard_gfish,4,2048,8,256,2048,1018.201066496,884337882,335742720,1018.201066496,3057.6289576596987
96,hard_gfish,4,2048,8,256,4096,2460.6108672,884337882,335742720,2460.6108672,7387.459359232026
97,hard_gfish,4,2048,8,256,8192,6599.903240192,884337882,335742720,6599.903240192,19844.726967777176
98,hard_fish,2,256,8,32,128,3.709951616,88260826,19452160,3.709951616,11.09887739130677
99,hard_fish,2,256,8,32,256,7.39122784,88260826,19452160,7.39122784,22.14619694315974
100,hard_fish,2,256,8,32,512,15.037585792,88260826,19452160,15.037585792,44.9729299764899
101,hard_fish,2,256,8,32,1024,32.549169152,88260826,19452160,32.549169152,97.55361696512006
102,hard_fish,2,256,8,32,2048,77.073870336,88260826,19452160,77.073870336,231.4318393793074
103,hard_fish,2,256,8,32,4096,199.12430336,88260826,19452160,199.12430336,597.9026484033676
104,hard_fish,2,256,8,32,8192,575.899278592,88260826,19452160,575.899278592,1723.7454893391066
105,hard_fish,2,512,8,64,128,8.086813568,181463770,44114176,8.086813568,24.194703553859686
106,hard_fish,2,512,8,64,256,16.107951744,181463770,44114176,16.107951744,48.337752948877615
107,hard_fish,2,512,8,64,512,32.69249728,181463770,44114176,32.69249728,97.85460454210464
108,hard_fish,2,512,8,64,1024,70.200211968,181463770,44114176,70.200211968,210.91911545143856
109,hard_fish,2,512,8,64,2048,163.821017088,181463770,44114176,163.821017088,491.745714854948
110,hard_fish,2,512,8,64,4096,415.436475904,181463770,44114176,415.436475904,1245.9500636374705
111,hard_fish,2,512,8,64,8192,1177.56836096,181463770,44114176,1177.56836096,3522.427185720074
112,hard_fish,2,1024,8,128,128,18.853715392,383598298,109166848,18.853715392,56.46990157580904
113,hard_fish,2,1024,8,128,256,37.567595392,383598298,109166848,37.567595392,112.588958837982
114,hard_fish,2,1024,8,128,512,76.055943936,383598298,109166848,76.055943936,227.6517873258836
115,hard_fish,2,1024,8,128,1024,161.59962496,383598298,109166848,161.59962496,485.3565314942
116,hard_fish,2,1024,8,128,2048,369.509965312,383598298,109166848,369.509965312,1106.0612244388387
117,hard_fish,2,1024,8,128,4096,912.477330432,383598298,109166848,912.477330432,2736.5836681131204
118,hard_fish,2,1024,8,128,8192,2509.435544576,383598298,109166848,2509.435544576,7504.943649601275
119,hard_fish,2,2048,8,256,128,48.44075072,850781914,302186752,48.44075072,145.0748129055956
120,hard_fish,2,2048,8,256,256,96.593330048,850781914,302186752,96.593330048,289.4715304412558
121,hard_fish,2,2048,8,256,512,194.996051968,850781914,302186752,194.996051968,583.9855318646477
122,hard_fish,2,2048,8,256,1024,408.839760384,850781914,302186752,408.839760384,1228.6164358240594
123,hard_fish,2,2048,8,256,2048,909.75288064,850781914,302186752,909.75288064,2722.68509335584
124,hard_fish,2,2048,8,256,4096,2164.257077248,850781914,302186752,2164.257077248,6472.64247310324
125,hard_fish,2,2048,8,256,8192,5689.685987328,850781914,302186752,5689.685987328,17109.15206844868
126,hard_fish,2,4096,8,512,128,139.826740096,2036807386,939884800,139.826740096,419.1584361789652
127,hard_fish,2,4096,8,512,256,279.0698688,2036807386,939884800,279.0698688,838.1490179565885
128,hard_fish,2,4096,8,512,512,561.716486912,2036807386,939884800,561.716486912,1689.7016739159608
129,hard_fish,2,4096,8,512,1024,1161.000468992,2036807386,939884800,1161.000468992,3487.463740819631
130,hard_fish,2,4096,8,512,2048,2505.626786816,2036807386,939884800,2505.626786816,7538.033998101291
131,hard_fish,2,4096,8,512,4096,5698.28872192,2036807386,939884800,5698.28872192,17140.86499009477
132,hard_fish,2,4096,8,512,8192,14110.651174912,2036807386,939884800,14110.651174912,42316.10641921894
133,hard_gfish,4,4096,8,512,128,157.2960608,2171026650,1074104064,157.2960608,470.2934341631858
134,hard_gfish,4,4096,8,512,256,314.587093248,2171026650,1074104064,314.587093248,944.4808423550604
135,hard_gfish,4,4096,8,512,512,635.068307968,2171026650,1074104064,635.068307968,1901.1863145839552
136,hard_gfish,4,4096,8,512,1024,1316.965599744,2171026650,1074104064,1316.965599744,3939.026232634554
137,hard_gfish,4,4096,8,512,2048,2854.59340288,2171026650,1074104064,2854.59340288,8545.345790717141
138,hard_gfish,4,4096,8,512,4096,6544.399372288,2171026650,1074104064,6544.399372288,19686.228633873787
139,hard_gfish,4,4096,8,512,8192,16396.062148608,2171026650,1074104064,16396.062148608,49049.33663145304
140,hard_gfish,2,256,8,32,128,3.726728832,88262106,19453440,3.726728832,11.194515104172664
141,hard_gfish,2,256,8,32,256,7.458336704,88262106,19453440,7.458336704,22.432281864438217
142,hard_gfish,2,256,8,32,512,15.306021248,88262106,19453440,15.306021248,45.931098467140515
143,hard_gfish,2,256,8,32,1024,33.622910976,88262106,19453440,33.622910976,101.21669546454982
144,hard_gfish,2,256,8,32,2048,81.368837632,88262106,19453440,81.368837632,244.20438276152132
145,hard_gfish,2,256,8,32,4096,216.304172544,88262106,19453440,216.304172544,648.3685796756357
146,hard_gfish,2,256,8,32,8192,644.618755328,88262106,19453440,644.618755328,1938.7479529705836
147,hard_gfish,2,512,8,64,128,8.103590784,181465050,44115456,8.103590784,24.229523086054645
148,hard_gfish,2,512,8,64,256,16.175060608,181465050,44115456,16.175060608,48.59331164574533
149,hard_gfish,2,512,8,64,512,32.960932736,181465050,44115456,32.960932736,98.94972593537368
150,hard_gfish,2,512,8,64,1024,71.273953792,181465050,44115456,71.273953792,213.48781831478803
151,hard_gfish,2,512,8,64,2048,168.115984384,181465050,44115456,168.115984384,504.5920647974837
152,hard_gfish,2,512,8,64,4096,432.616345088,181465050,44115456,432.616345088,1293.881064109847
153,hard_gfish,2,512,8,64,8192,1246.287837696,181465050,44115456,1246.287837696,3734.072891205481
154,hard_gfish,2,1024,8,128,128,18.870492608,383599578,109168128,18.870492608,56.668416694077365
155,hard_gfish,2,1024,8,128,256,37.634704256,383599578,109168128,37.634704256,112.75638587637764
156,hard_gfish,2,1024,8,128,512,76.324379392,383599578,109168128,76.324379392,228.20986140638252
157,hard_gfish,2,1024,8,128,1024,162.673366784,383599578,109168128,162.673366784,488.0852267936029
158,hard_gfish,2,1024,8,128,2048,373.804932608,383599578,109168128,373.804932608,1121.4672309053917
159,hard_gfish,2,1024,8,128,4096,929.657199616,383599578,109168128,929.657199616,2789.2853955043474
160,hard_gfish,2,1024,8,128,8192,2578.155021312,383599578,109168128,2578.155021312,7728.632565007306
161,hard_gfish,2,2048,8,256,128,48.457527936,850783194,302188032,48.457527936,145.11340752054244
162,hard_gfish,2,2048,8,256,256,96.660438912,850783194,302188032,96.660438912,290.08772830196
163,hard_gfish,2,2048,8,256,512,195.264487424,850783194,302188032,195.264487424,584.3465131394639
164,hard_gfish,2,2048,8,256,1024,409.913502208,850783194,302188032,409.913502208,1225.4812700224106
165,hard_gfish,2,2048,8,256,2048,914.047847936,850783194,302188032,914.047847936,2737.9608221015037
166,hard_gfish,2,2048,8,256,4096,2181.436946432,850783194,302188032,2181.436946432,6536.921090551873
167,hard_gfish,2,2048,8,256,8192,5758.405464064,850783194,302188032,5758.405464064,17330.825938391506
168,hard_gfish,2,4096,8,512,128,139.843517312,2036808666,939886080,139.843517312,420.5841602196122
169,hard_gfish,2,4096,8,512,256,279.136977664,2036808666,939886080,279.136977664,839.0305196825361
170,hard_gfish,2,4096,8,512,512,561.984922368,2036808666,939886080,561.984922368,1685.2069543083464
171,hard_gfish,2,4096,8,512,1024,1162.074210816,2036808666,939886080,1162.074210816,3495.8556958698136
172,hard_gfish,2,4096,8,512,2048,2509.921754112,2036808666,939886080,2509.921754112,7518.053698757121
173,hard_gfish,2,4096,8,512,4096,5715.468591104,2036808666,939886080,5715.468591104,17149.001876319606
174,hard_gfish,2,4096,8,512,8192,14179.370651648,2036808666,939886080,14179.370651648,42531.87521246313
175,gfish,2,256,8,32,128,3.726728832,88262122,19453456,3.726728832,11.19169300118308
176,gfish,2,256,8,32,256,7.458336704,88262122,19453456,7.458336704,22.31621665930551
177,gfish,2,256,8,32,512,15.306021248,88262122,19453456,15.306021248,45.91162883391205
178,gfish,2,256,8,32,1024,33.622910976,88262122,19453456,33.622910976,100.92031657627565
179,gfish,2,256,8,32,2048,81.368837632,88262122,19453456,81.368837632,243.74028408778233
180,gfish,2,256,8,32,4096,216.304172544,88262122,19453456,216.304172544,650.575771904406
181,gfish,2,256,8,32,8192,644.618755328,88262122,19453456,644.618755328,1936.0310180987863
182,gfish,2,512,8,64,128,8.103590784,181465066,44115472,8.103590784,24.261392361962315
183,gfish,2,512,8,64,256,16.175060608,181465066,44115472,16.175060608,48.66908967554951
184,gfish,2,512,8,64,512,32.960932736,181465066,44115472,32.960932736,99.00279863557988
185,gfish,2,512,8,64,1024,71.273953792,181465066,44115472,71.273953792,214.39301619054626
186,gfish,2,512,8,64,2048,168.115984384,181465066,44115472,168.115984384,504.35579798514044
187,gfish,2,512,8,64,4096,432.616345088,181465066,44115472,432.616345088,1294.09838560261
188,gfish,2,512,8,64,8192,1246.287837696,181465066,44115472,1246.287837696,3733.9932632344876
189,gfish,2,1024,8,128,128,18.870492608,383599594,109168144,18.870492608,56.76359261059711
190,gfish,2,1024,8,128,256,37.634704256,383599594,109168144,37.634704256,112.56068176546854
191,gfish,2,1024,8,128,512,76.324379392,383599594,109168144,76.324379392,228.2281373334564
192,gfish,2,1024,8,128,1024,162.673366784,383599594,109168144,162.673366784,487.82605183562754
193,gfish,2,1024,8,128,2048,373.804932608,383599594,109168144,373.804932608,1118.663324799065
194,gfish,2,1024,8,128,4096,929.657199616,383599594,109168144,929.657199616,2780.9758060115387
195,gfish,2,1024,8,128,8192,2578.155021312,383599594,109168144,2578.155021312,7711.3681580277525
196,gfish,2,2048,8,256,128,48.457527936,850783210,302188048,48.457527936,145.3528451617479
197,gfish,2,2048,8,256,256,96.660438912,850783210,302188048,96.660438912,290.49261591188406
198,gfish,2,2048,8,256,512,195.264487424,850783210,302188048,195.264487424,584.8614138485843
199,gfish,2,2048,8,256,1024,409.913502208,850783210,302188048,409.913502208,1232.988282453436
200,gfish,2,2048,8,256,2048,914.047847936,850783210,302188048,914.047847936,2748.370818911852
201,gfish,2,2048,8,256,4096,2181.436946432,850783210,302188048,2181.436946432,6561.227848040388
202,gfish,2,2048,8,256,8192,5758.405464064,850783210,302188048,5758.405464064,17287.700825568074
203,gfish,2,4096,8,512,128,139.843517312,2036808682,939886096,139.843517312,420.84708372021754
204,gfish,2,4096,8,512,256,279.136977664,2036808682,939886096,279.136977664,839.9038897347492
205,gfish,2,4096,8,512,512,561.984922368,2036808682,939886096,561.984922368,1689.8390511730772
206,gfish,2,4096,8,512,1024,1162.074210816,2036808682,939886096,1162.074210816,3474.703322906115
207,gfish,2,4096,8,512,2048,2509.921754112,2036808682,939886096,2509.921754112,7540.352404882287
208,gfish,2,4096,8,512,4096,5715.468591104,2036808682,939886096,5715.468591104,17095.968843955587
209,gfish,2,4096,8,512,8192,14179.370651648,2036808682,939886096,14179.370651648,42657.99199439805
210,fish,2,256,8,32,128,3.709951616,88260842,19452176,3.709951616,11.123623453505193
211,fish,2,256,8,32,256,7.39122784,88260842,19452176,7.39122784,22.249669391257175
212,fish,2,256,8,32,512,15.037585792,88260842,19452176,15.037585792,45.10894192285998
213,fish,2,256,8,32,1024,32.549169152,88260842,19452176,32.549169152,97.43196570425326
214,fish,2,256,8,32,2048,77.073870336,88260842,19452176,77.073870336,231.07069168024134
215,fish,2,256,8,32,4096,199.12430336,88260842,19452176,199.12430336,598.7239534476968
216,fish,2,256,8,32,8192,575.899278592,88260842,19452176,575.899278592,1732.2309830368044
217,fish,2,512,8,64,128,8.086813568,181463786,44114192,8.086813568,24.28942472953795
218,fish,2,512,8,64,256,16.107951744,181463786,44114192,16.107951744,48.378330486271004
219,fish,2,512,8,64,512,32.69249728,181463786,44114192,32.69249728,98.39697913515425
220,fish,2,512,8,64,1024,70.200211968,181463786,44114192,70.200211968,210.88941396480965
221,fish,2,512,8,64,2048,163.821017088,181463786,44114192,163.821017088,489.8704292632695
222,fish,2,512,8,64,4096,415.436475904,181463786,44114192,415.436475904,1248.5963356029947
223,fish,2,512,8,64,8192,1177.56836096,181463786,44114192,1177.56836096,3532.4293309403915
224,fish,2,1024,8,128,128,18.853715392,383598314,109166864,18.853715392,56.71882015506636
225,fish,2,1024,8,128,256,37.567595392,383598314,109166864,37.567595392,112.90712845313531
226,fish,2,1024,8,128,512,76.055943936,383598314,109166864,76.055943936,228.40633570678622
227,fish,2,1024,8,128,1024,161.59962496,383598314,109166864,161.59962496,484.3533771610608
228,fish,2,1024,8,128,2048,369.509965312,383598314,109166864,369.509965312,1110.0757738421494
229,fish,2,1024,8,128,4096,912.477330432,383598314,109166864,912.477330432,2746.1076719457865
230,fish,2,1024,8,128,8192,2509.435544576,383598314,109166864,2509.435544576,7544.7406342550075
231,fish,2,2048,8,256,128,48.44075072,850781930,302186768,48.44075072,145.293765633843
232,fish,2,2048,8,256,256,96.593330048,850781930,302186768,96.593330048,289.7103023095954
233,fish,2,2048,8,256,512,194.996051968,850781930,302186768,194.996051968,585.5854241809358
234,fish,2,2048,8,256,1024,408.839760384,850781930,302186768,408.839760384,1230.7666482553564
235,fish,2,2048,8,256,2048,909.75288064,850781930,302186768,909.75288064,2729.2780242518993
236,fish,2,2048,8,256,4096,2164.257077248,850781930,302186768,2164.257077248,6511.993967580895
237,fish,2,2048,8,256,8192,5689.685987328,850781930,302186768,5689.685987328,17034.50559031236
238,fish,2,4096,8,512,128,139.826740096,2036807402,939884816,139.826740096,419.8751835983667
239,fish,2,4096,8,512,256,279.0698688,2036807402,939884816,279.0698688,837.5424193265648
240,fish,2,4096,8,512,512,561.716486912,2036807402,939884816,561.716486912,1685.118252609202
241,fish,2,4096,8,512,1024,1161.000468992,2036807402,939884816,1161.000468992,3476.7196113753366
242,fish,2,4096,8,512,2048,2505.626786816,2036807402,939884816,2505.626786816,7503.081432777888
243,fish,2,4096,8,512,4096,5698.28872192,2036807402,939884816,5698.28872192,17137.293323768343
244,fish,2,4096,8,512,8192,14110.651174912,2036807402,939884816,14110.651174912,42303.00134123443
245,gfish,4,256,8,32,128,3.814808,88786666,19978000,3.814808,11.44244619535956
246,gfish,4,256,8,32,256,7.676459648,88786666,19978000,7.676459648,23.042562706281938
247,gfish,4,256,8,32,512,15.910045568,88786666,19978000,15.910045568,47.7548005295323
248,gfish,4,256,8,32,1024,35.501817344,88786666,19978000,35.501817344,106.17903203151093
249,gfish,4,256,8,32,2048,87.81312128,88786666,19978000,87.81312128,263.2625208997127
250,gfish,4,256,8,32,4096,239.930623488,88786666,19978000,239.930623488,722.0249983305521
251,gfish,4,256,8,32,8192,734.813591808,88786666,19978000,734.813591808,2200.2131578237118
252,gfish,4,512,8,64,128,8.409780544,183562474,46212880,8.409780544,25.28767550059734
253,gfish,4,512,8,64,256,16.862868736,183562474,46212880,16.862868736,50.673931989400344
254,gfish,4,512,8,64,512,34.638503424,183562474,46212880,34.638503424,103.98600123477912
255,gfish,4,512,8,64,1024,75.837872896,183562474,46212880,75.837872896,227.50502743589146
256,gfish,4,512,8,64,2048,182.068693504,183562474,46212880,182.068693504,546.4217868863203
257,gfish,4,512,8,64,4096,479.861246976,183562474,46212880,479.861246976,1442.2430924198318
258,gfish,4,512,8,64,8192,1418.087576064,183562474,46212880,1418.087576064,4266.951327354248
259,gfish,4,1024,8,128,128,20.015556736,391988458,117557008,20.015556736,59.89710342125044
260,gfish,4,1024,8,128,256,40.06744512,391988458,117557008,40.06744512,120.54435734440165
261,gfish,4,1024,8,128,512,81.760055552,391988458,117557008,81.760055552,244.5894362456291
262,gfish,4,1024,8,128,1024,175.828536832,391988458,117557008,175.828536832,527.3052682834659
263,gfish,4,1024,8,128,2048,409.242543616,391988458,117557008,409.242543616,1228.323303730057
264,gfish,4,1024,8,128,4096,1037.03190528,391988458,117557008,1037.03190528,3112.222529167126
265,gfish,4,1024,8,128,8192,2938.934367232,391988458,117557008,2938.934367232,8841.289816642346
266,gfish,4,2048,8,256,128,52.890849536,884337898,335742736,52.890849536,158.35109832650235
267,gfish,4,2048,8,256,256,105.80387072,884337898,335742736,105.80387072,317.95878461172197
268,gfish,4,2048,8,256,512,214.659465472,884337898,335742736,214.659465472,645.7072039172317
269,gfish,4,2048,8,256,1024,453.125676032,884337898,335742736,453.125676032,1362.816326905844
270,gfish,4,2048,8,256,2048,1018.201066496,884337898,335742736,1018.201066496,3054.699150056758
271,gfish,4,2048,8,256,4096,2460.6108672,884337898,335742736,2460.6108672,7384.329082838471
272,gfish,4,2048,8,256,8192,6599.903240192,884337898,335742736,6599.903240192,19817.195263367732
273,gfish,4,4096,8,512,128,157.2960608,2171026666,1074104080,157.2960608,472.1241024277949
274,gfish,4,4096,8,512,256,314.587093248,2171026666,1074104080,314.587093248,942.2355077319379
275,gfish,4,4096,8,512,512,635.068307968,2171026666,1074104080,635.068307968,1908.9031733712945
276,gfish,4,4096,8,512,1024,1316.965599744,2171026666,1074104080,1316.965599744,3962.5141122337627
277,gfish,4,4096,8,512,2048,2854.59340288,2171026666,1074104080,2854.59340288,8547.070350811668
278,gfish,4,4096,8,512,4096,6544.399372288,2171026666,1074104080,6544.399372288,19611.174240144715
279,gfish,4,4096,8,512,8192,16396.062148608,2171026666,1074104080,16396.062148608,49208.114960519706
280,gfish,6,256,8,32,128,3.902887168,89311210,20502544,3.902887168,11.70986490656558
281,gfish,6,256,8,32,256,7.894574592,89311210,20502544,7.894574592,23.722350961257355
282,gfish,6,256,8,32,512,16.514309888,89311210,20502544,16.514309888,49.61192619899126
283,gfish,6,256,8,32,1024,37.381523712,89311210,20502544,37.381523712,112.0725318932613
284,gfish,6,256,8,32,2048,94.256604928,89311210,20502544,94.256604928,282.6405045336413
285,gfish,6,256,8,32,4096,263.549074432,89311210,20502544,263.549074432,788.7516127826927
286,gfish,6,256,8,32,8192,825.008428288,89311210,20502544,825.008428288,2483.6244983430647
287,gfish,6,512,8,64,128,8.715938304,185659882,48310288,8.715938304,26.188523420642206
288,gfish,6,512,8,64,256,17.550756864,185659882,48310288,17.550756864,52.732544239145604
289,gfish,6,512,8,64,512,36.316154112,185659882,48310288,36.316154112,109.13353714190045
290,gfish,6,512,8,64,1024,80.400992,185659882,48310288,80.400992,241.08697937276142
291,gfish,6,512,8,64,2048,196.029402624,185659882,48310288,196.029402624,588.5444296434788
292,gfish,6,512,8,64,4096,527.066148864,185659882,48310288,527.066148864,1578.3545853256044
293,gfish,6,512,8,64,8192,1589.887314432,185659882,48310288,1589.887314432,4785.464653990212
294,gfish,6,1024,8,128,128,21.160612864,400377322,125945872,21.160612864,63.32728547707286
295,gfish,6,1024,8,128,256,42.500425984,400377322,125945872,42.500425984,127.16589359521917
296,gfish,6,1024,8,128,512,87.196531712,400377322,125945872,87.196531712,262.3026153900037
297,gfish,6,1024,8,128,1024,188.98290688,400377322,125945872,188.98290688,566.494337525063
298,gfish,6,1024,8,128,2048,444.672154624,400377322,125945872,444.672154624,1338.477774942199
299,gfish,6,1024,8,128,4096,1144.406610944,400377322,125945872,1144.406610944,3428.908492649399
300,gfish,6,1024,8,128,8192,3299.873713152,400377322,125945872,3299.873713152,9875.263451457651
301,gfish,6,2048,8,256,128,57.324251136,917892586,369297424,57.324251136,172.56342789897354
302,gfish,6,2048,8,256,256,114.947382528,917892586,369297424,114.947382528,343.8131603412726
303,gfish,6,2048,8,256,512,234.05364352,917892586,369297424,234.05364352,700.2572495618831
304,gfish,6,2048,8,256,1024,496.345849856,917892586,369297424,496.345849856,1491.0945214397648
305,gfish,6,2048,8,256,2048,1122.314285056,917892586,369297424,1122.314285056,3372.318830106082
306,gfish,6,2048,8,256,4096,2739.784787968,917892586,369297424,2739.784787968,8201.42025323999
307,gfish,6,2048,8,256,8192,7442.36101632,917892586,369297424,7442.36101632,22399.036926835004
308,gfish,6,4096,8,512,128,174.748844288,2305244650,1208322064,174.748844288,522.4300127548771
309,gfish,6,4096,8,512,256,350.038008832,2305244650,1208322064,350.038008832,1046.7384939081205
310,gfish,6,4096,8,512,512,708.150893568,2305244650,1208322064,708.150893568,2131.7843473726425
311,gfish,6,4096,8,512,1024,1471.848988672,2305244650,1208322064,1471.848988672,4418.246420024839
312,gfish,6,4096,8,512,2048,3199.265051648,2305244650,1208322064,3199.265051648,9605.786585465989
313,gfish,6,4096,8,512,4096,7373.490153472,2305244650,1208322064,7373.490153472,22155.035318315688
314,gfish,6,4096,8,512,8192,18611.953645568,2305244650,1208322064,18611.953645568,55733.59414137854
315,gfish,8,256,8,32,128,3.990974336,89835754,21027088,3.990974336,11.93431947545425
316,gfish,8,256,8,32,256,8.112609536,89835754,21027088,8.112609536,24.33275624944814
317,gfish,8,256,8,32,512,17.117854208,89835754,21027088,17.117854208,51.244701805718805
318,gfish,8,256,8,32,1024,39.26043008,89835754,21027088,39.26043008,118.02282229533785
319,gfish,8,256,8,32,2048,100.692088576,89835754,21027088,100.692088576,302.91588710509353
320,gfish,8,256,8,32,4096,287.175525376,89835754,21027088,287.175525376,858.8395792347658
321,gfish,8,256,8,32,8192,915.203264768,89835754,21027088,915.203264768,2747.401911018754
322,gfish,8,512,8,64,128,9.022168064,187757290,50407696,9.022168064,27.09057345779742
323,gfish,8,512,8,64,256,18.238644992,187757290,50407696,18.238644992,54.643442617841096
324,gfish,8,512,8,64,512,37.9938048,187757290,50407696,37.9938048,114.29808937720219
325,gfish,8,512,8,64,1024,84.966511104,187757290,50407696,84.966511104,255.52777708252
326,gfish,8,512,8,64,2048,209.990111744,187757290,50407696,209.990111744,631.5846115428947
327,gfish,8,512,8,64,4096,574.351050752,187757290,50407696,574.351050752,1717.1463084772458
328,gfish,8,512,8,64,8192,1761.6870528,187757290,50407696,1761.6870528,5303.000839368581
329,gfish,8,1024,8,128,128,22.305588992,408766186,134334736,22.305588992,66.76318470632474
330,gfish,8,1024,8,128,256,44.932686848,408766186,134334736,44.932686848,134.8089473488545
331,gfish,8,1024,8,128,512,92.632207872,408766186,134334736,92.632207872,278.0700445635641
332,gfish,8,1024,8,128,1024,202.129276928,408766186,134334736,202.129276928,605.1508225995993
333,gfish,8,1024,8,128,2048,480.109765632,408766186,134334736,480.109765632,1439.4848254398642
334,gfish,8,1024,8,128,4096,1251.781316608,408766186,134334736,1251.781316608,3766.810163631526
335,gfish,8,1024,8,128,8192,3660.173059072,408766186,134334736,3660.173059072,10966.12257658768
336,gfish,8,2048,8,256,128,61.757652736,951447274,402852112,61.757652736,184.97822833166913
337,gfish,8,2048,8,256,256,124.090894336,951447274,402852112,124.090894336,371.06888838832725
338,gfish,8,2048,8,256,512,253.450221568,951447274,402852112,253.450221568,761.7735195925048
339,gfish,8,2048,8,256,1024,539.56602368,951447274,402852112,539.56602368,1623.7389360324928
340,gfish,8,2048,8,256,2048,1226.507503616,951447274,402852112,1226.507503616,3677.6008025947335
341,gfish,8,2048,8,256,4096,3018.958708736,951447274,402852112,3018.958708736,9056.705366177051
342,gfish,8,2048,8,256,8192,8284.018792448,951447274,402852112,8284.018792448,24915.166028281215
343,gfish,8,4096,8,512,128,192.200907776,2439462634,1342540048,192.200907776,578.4265046419047
344,gfish,8,4096,8,512,256,385.488124416,2439462634,1342540048,385.488124416,1160.2865014428128
345,gfish,8,4096,8,512,512,781.225479168,2439462634,1342540048,781.225479168,2336.5194208496505
346,gfish,8,4096,8,512,1024,1626.7403776,2439462634,1342540048,1626.7403776,4876.2802549855005
347,gfish,8,4096,8,512,2048,3543.936700416,2439462634,1342540048,3543.936700416,10650.125970084666
348,gfish,8,4096,8,512,4096,8201.940934656,2439462634,1342540048,8201.940934656,24660.14881481292
349,gfish,8,4096,8,512,8192,20828.645142528,2439462634,1342540048,20828.645142528,62490.174629929345